INSERT INTO
Care_Taker(care_Taker_Id,password,care_Taker_Name,contact_Number,address,experience,working_Shifts)
VALUES
(201,'Abc@123','Patey Cruiser',1234567890,'hyderabad',3,'night shift');

INSERT INTO
Care_Taker(care_Taker_Id,password,care_Taker_Name,contact_Number,address,experience,working_Shifts)
VALUES
(202,'Abc@123','Patey Cruiser',1234567890,'hyderabad',3,'day shift');

INSERT INTO
Care_Taker(care_Taker_Id,password,care_Taker_Name,contact_Number,address,experience,working_Shifts)
VALUES
(203,'Abc@123','Patey Cruiser',1234567890,'hyderabad',3,'night shift');

INSERT INTO
Care_Taker(care_Taker_Id,password,care_Taker_Name,contact_Number,address,experience,working_Shifts)
VALUES
(204,'Abc@123','Patey Cruiser',1234567890,'hyderabad',3,'day shift');

INSERT INTO
Care_Taker(care_Taker_Id,password,care_Taker_Name,contact_Number,address,experience,working_Shifts)
VALUES
(205,'Abc@123','Patey Cruiser',1234567890,'hyderabad',3,'night shift');

INSERT INTO
Care_Taker(care_Taker_Id,password,care_Taker_Name,contact_Number,address,experience,working_Shifts)
VALUES
(206,'Abc@123','Patey Cruiser',1234567890,'hyderabad',3,'day shift');

INSERT INTO
Care_Taker(care_Taker_Id,password,care_Taker_Name,contact_Number,address,experience,working_Shifts)
VALUES
(207,'Abc@123','Patey Cruiser',1234567890,'hyderabad',3,'night shift');

INSERT INTO medication(medication_Id,medication_Name) VALUES (10001,'paracetmol');
INSERT INTO medication(medication_Id,medication_Name) VALUES (10002,'citrezen');
INSERT INTO medication(medication_Id,medication_Name) VALUES (10003,'metroninzole');
INSERT INTO medication(medication_Id,medication_Name) VALUES (10004,'ferandozole');
INSERT INTO medication(medication_Id,medication_Name) VALUES (10005,'Dolo 365');
INSERT INTO medication(medication_Id,medication_Name) VALUES (10006,'Anti-biotech');
INSERT INTO medication(medication_Id,medication_Name) VALUES (10007,'syrup');

INSERT INTO ward(room_Number,patient_Id,cart_Number,care_Taker,patient_Join_Date,expected_Discharge_Date)
VALUES (501,101,1,201,'10-04-2023','20-0402923');

INSERT INTO ward(room_Number,patient_Id,cart_Number,care_Taker,patient_Join_Date,expected_Discharge_Date)
VALUES (501,102,2,202,'10-04-2023','20-0402923');

INSERT INTO ward(room_Number,patient_Id,cart_Number,care_Taker,patient_Join_Date,expected_Discharge_Date)
VALUES (501,103,3,201,'10-04-2023','20-0402923');

INSERT INTO ward(room_Number,patient_Id,cart_Number,care_Taker,patient_Join_Date,expected_Discharge_Date)
VALUES (501,104,4,202,'10-04-2023','20-0402923');

INSERT INTO ward(room_Number,patient_Id,cart_Number,care_Taker,patient_Join_Date,expected_Discharge_Date)
VALUES (502,105,1,203,'10-04-2023','20-0402923');

INSERT INTO ward(room_Number,patient_Id,cart_Number,care_Taker,patient_Join_Date,expected_Discharge_Date)
VALUES (502,106,2,203,'10-04-2023','20-0402923');

INSERT INTO ward(room_Number,patient_Id,cart_Number,care_Taker,patient_Join_Date,expected_Discharge_Date)
VALUES (502,107,3,204,'10-04-2023','20-0402923');

INSERT INTO ward(room_Number,patient_Id,cart_Number,care_Taker,patient_Join_Date,expected_Discharge_Date)
VALUES (500,108,4,205,'10-04-2023','20-0402923');

INSERT INTO Patient_Profile(patient_Id,password,full_name,contact_Number,address,age,gender,current_Disease,status,email)
VALUES (101,'Abc@123','yash katta',1234567890,'qwertyujnbvcxzxc',22,'male','','In patient','yash@gmail.com');

INSERT INTO Patient_Profile(patient_Id,password,full_name,contact_Number,address,age,gender,current_Disease,status,email)
VALUES (103,'Abc@123','vasavi vinneetha',1234567890,'qwertyujnbvcxzxc',22,'female','','In patient','yash@gmail.com');

INSERT INTO Patient_Profile(patient_Id,password,full_name,contact_Number,address,age,gender,current_Disease,status,email)
VALUES (102,'Abc@123','yash katta',1234567890,'qwertyujnbvcxzxc',22,'male','','In patient','yash@gmail.com');

INSERT INTO Patient_Profile(patient_Id,password,full_name,contact_Number,address,age,gender,current_Disease,status,email)
VALUES (104,'Abc@123','yash katta',1234567890,'qwertyujnbvcxzxc',22,'male','','In patient','yash@gmail.com');

INSERT INTO Patient_Profile(patient_Id,password,full_name,contact_Number,address,age,gender,current_Disease,status,email)
VALUES (105,'Abc@123','vasavi vinneetha',1234567890,'qwertyujnbvcxzxc',22,'female','','In patient','yash@gmail.com');

INSERT INTO Patient_Profile(patient_Id,password,full_name,contact_Number,address,age,gender,current_Disease,status,email)
VALUES (106,'Abc@123','yash katta',1234567890,'qwertyujnbvcxzxc',22,'male','','In patient','yash@gmail.com');


INSERT INTO Doctor_Specialization (doctor_Id, specialization, doctor_Email, doctor_Name, diseases)
VALUES (1001, 'Neurosurgeon', 'PateyCruiser@gmail', 'Patey Cruiser', );





